name,image
Barbell,img/barbell.jpg
Small Barbell - 25 pounds,img/small-barbell.jpg
Dumbbell,img/dumbbell.jpg
Kettlebell,img/kettlebell.jpg
Weight Plate,img/weight-plate.jpg
TRX,img/trx.jpg
Physioball,img/physioball.jpg
Battle Rope,img/battle-rope.jpg
Box,img/box.jpg
Resistance Band,img/resistance-bands.jpg
Squat Rack,img/squat-rack.jpg
Bench Rack,img/bench-rack.jpg
Pullup Bar,img/pullup-bar.jpg
Medicine Ball - Rubber,img/medicine-ball.jpg
Bumper Plate,img/bumper-plate.jpg
Flat Bench,img/flat-bench.jpg
Incline Bench,img/incline-bench.jpg
Decline Bench,img/decline-bench.jpg
Incline Bench Rack,img/incline-bench-rack.jpg
Decline Bench Rack,img/decline-bench-rack.jpeg
None,img/no-equipment.jpg
Pullup Assist Machine,img/pullup-assist.jpg
Leg Press Machine,img/leg-press.jpg
Hack Squat Machine,img/hack-squat.png
Seated Chest Machine - Plate Loaded,img/chest-plate-loaded.jpg
Seated Shoulders Machine - Plate Loaded,img/shoulders-plate-loaded.jpeg
Seated Incline Chest Machine - Plate Loaded,img/incline-chest-plate-loaded.jpeg
Seated Triceps Machine - Plate Loaded,img/triceps-plate-loaded.jpg
High Row Machine - Plate Loaded,img/high-row-plate-loaded.jpg
Low Row Machine - Plate Loaded,img/low-row-plate-loaded.jpeg
Preacher Curl Machine,img/preacher-curl-machine.jpg
Preacher Curl Bench,img/preacher-curl-bench.png
EZ Bar,img/ez-bar.jpg
Trap Raise Machine,img/trap-raise-machine.jpg
Seated Calf Raise,img/seated-calf-raise.jpg
Standing Calf Raise Machine,img/standing-calf-raise.jpeg
Lateral Deltoid Machine,img/delt-raise-machine.jpg
Lying Hamstring Curl Machine,img/lying-hamstring-machine.jpg
Seated Hamstring Curl Machine,img/seated-hamstring-machine.jpeg
Seated Leg Extension Machine,img/leg-extension-machine.jpg
Seated Hip Abduction Machine,img/abduction-machine.jpeg
Seated Hip Adduction Machine,img/adduction-machine.jpg
Seated Chest Machine - Cabled Based,img/chest-cable-machine.jpg
Seated Shoulders Machine - Cable Based,img/shoulders-cable-machine.gif
Pectoral Machine - Cable,img/pectoral-machine.gif
Seated Incline Chest Machine - Cable Based,img/incline-chest-cable.jpg
Seated Triceps Machine - Cable Based,img/triceps-cable-machine.jpg
Seated Bicep Curl Machine - Cable Based,img/biceps-cable-machine.jpg
High Row Machine - Cable Based,img/high-row-cable.jpg
Low Row Machine - Cable Based,img/low-row-cable.jpeg
Leg Press - Cable Based,img/leg-press-cable-jpg
Lat Pulldown Station,img/lat-pulldown.jpg
Seated Row Station,img/seated-cable-station.jpg
Cable Multistation,img/cable-multistation.png
Bar attachment,img/wide-bar.jpg
Dogbone attachment,img/dogbone.jpg
V-Bar Attachment,img/v-bar-attachment.jpg
Neutral grip attachment,img/neutral-grip.jpg
Rope attachment,img/rope-attachment.jpg
Small bar attachment,img/small-bar-attachment.jpeg
Handle attachment,img/handle-attachment.jpeg
Reverse Hyper Machine,img/reverse-hyper.jpg
Glute Ham Developer,img/ghd.jpg
Prowler Sled,img/prowler.jpg
Flat Sled,img/flat-sled.jpg
Long Rope,img/long-rope.jpg
Dynamax Medicine Ball,img/dynamax-ball.jpg
Cones,img/agility-cones.jpg
Hurdles - Large,img/hurdles-large.jpeg
Hurdles - Small,img/hurdles-small.jpg
Agility ladder,img/agility-ladder.jpeg
Atlas Stone,img/atlas-stone.jpg
Strongman Log,img/strongman-log.jpg
Yoke,img/yoke.jpg
Trap Barbell,img/trap-bar.jpg
Cambered Barbell,img/cambered-barbell.jpg
Safety Squat Barbell,img/safety-squat-bar.jpg
PVC Pipe,img/pvc-pipe.jpeg
Foam,img/foam.jpg
Circus Dumbbell,img/circus-dumbbell.jpg
Landmine,img/landmine.jpeg
Seated T-Bar Row Machine,img/t-bar.jpg
Standing T-Bar Row Machine,img/standing-t-bar.jpg
Strongman Frame,img/strongman-frame.jpg
400m Track,img/400m-track.jpg
Treadmill,img/treadmill.jpg
Rowing Machine,img/rower.jpg
Elliptical,img/elliptical.jpg
Bike Machine,img/bike-machine.jpeg
Indoor Track,img/indoor-track.jpeg
Arc Trainer,img/arc-trainer.jpg
Stair Stepper,img/stair-stepper.jpg
Swimming Pool,img/swimmer.jpg
Ab Dolly,img/ab-dolly.jpg
Ab Wheel,img/ab-wheel.jpg
Leg Raise Weighted Abdominal Machine,N
Leg Raise Stand,img/leg-raise-stand.jpg
Low Back Hyperextension,img/low-back-hyper.jpg
Recumbent Bicycle Machine,img/recumbent-bike-machine.jpeg
Gymnast Rings,img/gymnast-rings.jpg
Mini-Band,img/mini-bands.jpg
Tire,img/tire.jpg
Jump Rope,img/jump-rope.jpg
Chain,img/chains.jpg
Viking Press,img/viking-press.jpg
Dip/Parallel Bars,img/dip-bars.jpg
Parallettes,img/parallettes.jpeg
Grip Squeeze,img/grip squeeze.jpeg
Climbing Rope,img/climbing-rope.jpg
Weight Vest,img/weight-vest.jpeg
Ankle Weights,img/ankle-weights.jpg
Football Bar,img/football-bar.jpg
Farmer's Carry Handles,img/farmers-carry.jpeg
